hash_bits,matrix_dim,candidate,mean_gap,std_gap,energy,is_target
36,20,0,0.4673470637,0.7962728853,217.4023553825,0
36,20,524,0.4056990703,0.7014831057,197.6339434140,0
36,20,1048,0.4138554859,0.7013342408,196.1993549071,0
36,20,1572,0.3981317741,0.7253893818,195.9710197931,0
36,20,2096,0.4201131837,0.7571554810,198.5626829875,0
36,20,2620,0.3981193143,0.7118856606,188.2249813473,0
36,20,3144,0.3921477058,0.6844293878,189.5369020042,0
36,20,3668,0.3708432487,0.6719498275,187.5397535315,0
36,20,4192,0.4076873733,0.7851087481,193.0198375768,0
36,20,4716,0.3605998085,0.7339748812,181.0943081942,0
36,20,5240,0.3714613373,0.7327678507,181.7981470142,0
36,20,5764,0.3651536095,0.6913258381,183.2939981843,0
36,20,6288,0.3867041983,0.7513505828,188.0215839939,0
36,20,6812,0.3444710689,0.7181696728,177.5147650379,0
36,20,7336,0.3671964161,0.7299851220,181.1264765036,0
36,20,7860,0.4183185625,0.7508004536,187.4182005303,0
36,20,8384,0.3989093642,0.6436080609,194.5335577911,0
36,20,8908,0.3435345561,0.6343195870,180.8532072585,0
36,20,9432,0.3542920338,0.6799596582,178.2395055688,0
36,20,9956,0.3463167804,0.7727015764,179.7530658217,0
36,20,10480,0.3678717836,0.7685820981,183.8722834536,0
36,20,11004,0.4010473584,0.7502508218,179.6457417282,0
36,20,11528,0.3638869381,0.6537241319,182.6993987041,0
36,20,12052,0.3721695198,0.7072515481,184.7678029446,0
36,20,12576,0.3778219223,0.7342080576,186.2414066092,0
36,20,13100,0.3311736319,0.6724945080,176.6104439438,0
36,20,13624,0.3478094422,0.6564866785,176.8303336721,0
36,20,14148,0.3384680468,0.6553682386,178.9923057946,0
36,20,14672,0.3562791314,0.6611216922,180.9237355423,0
36,20,15196,0.3570349435,0.6165420590,176.3975198239,0
36,20,15720,0.3620112960,0.6197787509,179.8735368527,0
36,20,16244,0.4354154238,0.7169488753,189.7875919566,0
36,20,16768,0.3899911825,0.5991820732,194.4918910852,0
36,20,17292,0.3326853521,0.4830833820,181.5470520026,0
36,20,17816,0.3363460870,0.4961269621,177.7794431884,0
36,20,18340,0.3206985974,0.5061165416,178.6734605714,0
36,20,18864,0.3454660451,0.6046036714,178.4868809101,0
36,20,19388,0.3584425035,0.6378551368,175.0653171594,0
36,20,19912,0.3346223643,0.5822484173,179.5707901674,0
36,20,20436,0.3548151685,0.5907343451,179.0940396236,0
36,20,20960,0.3491793988,0.5901255134,181.6018001952,0
36,20,21484,0.3743120159,0.6624736046,176.9793072625,0
36,20,22008,0.3582688590,0.6204041409,175.8027062993,0
36,20,22532,0.3747297207,0.7148063752,189.7821341965,0
36,20,23056,0.3630323462,0.6179142163,183.4258579736,0
36,20,23580,0.3390248173,0.6762947027,180.1903769286,0
36,20,24104,0.3455114572,0.6420725930,181.6359745668,0
36,20,24628,0.3634260137,0.6376282386,189.6055360820,0
36,20,25152,0.3637392973,0.5399536491,184.7032524676,0
36,20,25676,0.3356985293,0.6563060020,178.1587729647,0
36,20,26200,0.3312579056,0.6069204375,174.9479698708,0
36,20,26724,0.3492068184,0.7146207498,182.1468215115,0
36,20,27248,0.3432029436,0.6184694085,178.1539146655,0
36,20,27772,0.3892505722,0.6312239000,179.8866802830,0
36,20,28296,0.3324380213,0.5809603228,178.7862377494,0
36,20,28820,0.3388607388,0.6215974784,182.6813583863,0
36,20,29344,0.3460671619,0.5944923994,178.7950844485,0
36,20,29868,0.3396912813,0.5715018647,175.5652827113,0
36,20,30392,0.3274520427,0.5367188277,176.2189638586,0
36,20,30916,0.3808833257,0.6486970414,187.5667563161,0
36,20,31440,0.3520385592,0.5333862278,180.5050089176,0
36,20,31964,0.3970458537,0.5998495244,183.3404068605,0
36,20,32488,0.4012763554,0.6001890831,187.0295621362,0
36,20,33012,0.3565077164,0.5110101683,186.3978649562,0
36,20,33536,0.3869819734,0.6098283238,194.0563965785,0
36,20,34060,0.3347139731,0.5262540487,181.1804856802,0
36,20,34584,0.3347738522,0.4352460313,183.0115011275,0
36,20,35108,0.3276635796,0.5165902488,178.0613467549,0
36,20,35632,0.3330933175,0.4547549950,179.9269662359,0
36,20,36156,0.3311140008,0.4095073746,175.1599269421,0
36,20,36680,0.3131617030,0.3880869920,177.4827603368,0
36,20,37204,0.3135080630,0.5533701178,173.2344192190,0
36,20,37728,0.3243354971,0.5268803905,173.6396155891,0
36,20,38252,0.2995284016,0.5947127307,168.3567141575,0
36,20,38776,0.3227996697,0.5082062787,172.8975808813,0
36,20,39300,0.3166590457,0.5726572877,176.6903742979,0
36,20,39824,0.3111700404,0.4939761461,174.8633142069,0
36,20,40348,0.3042705388,0.4628863221,171.0019413447,0
36,20,40872,0.3235900711,0.4698790752,175.7652296097,0
36,20,41396,0.3095702718,0.4686770155,176.1307445896,0
36,20,41920,0.3235608032,0.3983134077,180.3155238035,0
36,20,42444,0.3247060762,0.5023559361,173.5265764419,0
36,20,42968,0.3119401475,0.4851642069,174.4437773333,0
36,20,43492,0.3270205738,0.5641081968,173.9099531937,0
36,20,44016,0.3303468869,0.4924438246,174.3357020959,0
36,20,44540,0.3703894964,0.5974048476,176.1882367342,0
36,20,45064,0.3655922906,0.5675576661,188.1467270056,0
36,20,45588,0.3184101233,0.5622921847,177.1808551508,0
36,20,46112,0.3474643227,0.5767084863,180.3210226443,0
36,20,46636,0.3051204537,0.5288580424,173.6445157844,0
36,20,47160,0.3315648872,0.5680492277,180.0384697514,0
36,20,47684,0.3107831673,0.5225375247,175.9838582781,0
36,20,48208,0.3243124181,0.5190292107,178.4387970904,0
36,20,48732,0.3543579693,0.5074970873,177.1648256571,0
36,20,49256,0.3532143871,0.4976022781,183.8873158714,0
36,20,49780,0.3232234958,0.4154217817,178.3632912290,0
36,20,50304,0.3448260791,0.4457715677,183.9377753127,0
36,20,50828,0.2912263650,0.3505800936,174.4972708134,0
36,20,51352,0.3239922151,0.5347399457,174.8067288638,0
36,20,51876,0.2977248091,0.5123232112,170.2180330194,0
36,20,52400,0.3112907512,0.4964126172,174.4013693403,0
36,20,52924,0.3399589636,0.4506021300,173.7992542354,0
36,20,53448,0.3388802795,0.4867938284,183.2286115724,0
36,20,53972,0.2868534305,0.4479663894,170.2122672437,0
36,20,54496,0.3166934064,0.4753170411,174.2864312063,0
36,20,55020,0.3360848525,0.4382472182,171.9816592162,0
36,20,55544,0.3496104788,0.4926678838,177.8554251394,0
36,20,56068,0.3006680799,0.4921122188,176.0145274866,0
36,20,56592,0.3093627336,0.4642194711,176.9473742000,0
36,20,57116,0.3317682978,0.4414734749,177.0423761349,0
36,20,57640,0.3262970551,0.4295922705,179.3318867863,0
36,20,58164,0.3129318246,0.4355282773,178.0049351683,0
36,20,58688,0.3171022201,0.4309572641,177.1761121340,0
36,20,59212,0.2955326850,0.3776529175,173.3502364437,0
36,20,59736,0.3025890839,0.4242406363,172.0240719516,0
36,20,60260,0.2998177901,0.4143991333,172.3697204925,0
36,20,60784,0.3137609078,0.3938675128,174.8795427139,0
36,20,61308,0.3760387967,0.5481614708,180.3706855272,0
36,20,61832,0.3321474659,0.4249332177,184.7004806106,0
36,20,62356,0.3107160626,0.3832630916,176.7367431472,0
36,20,62880,0.3061630042,0.3928042462,176.3887804137,0
36,20,63404,0.3420885041,0.4428487374,176.8061515679,0
36,20,63928,0.3521045173,0.4380559797,180.3352772541,0
36,20,64452,0.3650246406,0.4569145083,183.1649256241,0
36,20,64976,0.3602420584,0.4186975411,183.1442352233,0
36,20,65500,0.4008923109,0.6190878908,188.9829524724,0
36,20,66024,0.3573096621,0.4953978004,185.4272428610,0
36,20,66548,0.3604152624,0.4527587856,182.7140210334,0
36,20,67072,0.3947427281,0.6677842363,195.2655915688,0
36,20,67596,0.3520883307,0.5700586441,185.8079586083,0
36,20,68120,0.3451921193,0.5374164304,179.2585882808,0
36,20,68644,0.3389825430,0.5416780517,182.2427916121,0
36,20,69168,0.3495972324,0.5114939078,186.7065303077,0
36,20,69692,0.3308746855,0.5501904722,180.5400581949,0
36,20,70216,0.3263495945,0.5177101406,175.7466514581,0
36,20,70740,0.3080150486,0.5259028151,172.1003567759,0
36,20,71264,0.3218164292,0.4874192911,175.1710438097,0
36,20,71788,0.3118765886,0.5431473971,175.7847200785,0
36,20,72312,0.2995093528,0.4640476416,171.9799551300,0
36,20,72836,0.3069263245,0.5016089921,176.0316705984,0
36,20,73360,0.3043781972,0.4323334456,176.7932292878,0
36,20,73884,0.3090932741,0.5155282463,175.0355349809,0
36,20,74408,0.3075565283,0.5071595023,169.5134373224,0
36,20,74932,0.2950505844,0.5090809567,171.4227411910,0
36,20,75456,0.3064218330,0.4646315161,174.9266452887,0
36,20,75980,0.3016043621,0.5646937051,174.1129027978,0
36,20,76504,0.2820925696,0.4524324081,165.8732480689,0
36,20,77028,0.2915932783,0.4882103928,171.3931785411,0
36,20,77552,0.3117820160,0.4008115193,174.5272217868,0
36,20,78076,0.3504306778,0.5101047702,177.0975297035,0
36,20,78600,0.3069221955,0.5009020093,175.3208600545,0
36,20,79124,0.2838096187,0.4624304245,170.4201936642,0
36,20,79648,0.3004311703,0.4326322752,174.5469242076,0
36,20,80172,0.2768151769,0.3966075638,170.5139438977,0
36,20,80696,0.2882923913,0.3610864247,171.5291540846,0
36,20,81220,0.2817667189,0.4009258007,172.1366038906,0
36,20,81744,0.3137777198,0.3557345403,176.3071179027,0
36,20,82268,0.2933541556,0.3999347984,172.7726986679,0
36,20,82792,0.2953533245,0.3407885010,171.3024941525,0
36,20,83316,0.2968970510,0.3855219346,170.6825197638,0
36,20,83840,0.3101632030,0.3324193789,180.0394758442,0
36,20,84364,0.2812740567,0.4348866454,171.0102294773,0
36,20,84888,0.2685893204,0.3592508917,167.9331367093,0
36,20,85412,0.2593507667,0.3725560799,166.5265606470,0
36,20,85936,0.3001947289,0.3601110207,174.7223984019,0
36,20,86460,0.2967246310,0.4104036239,169.3826253702,0
36,20,86984,0.2946827995,0.3993310643,173.4948895879,0
36,20,87508,0.2710739440,0.3697072488,165.8318662287,0
36,20,88032,0.2902788449,0.3396549912,171.8040904413,0
36,20,88556,0.3348951480,0.4932878452,173.1951154604,0
36,20,89080,0.3216451400,0.4035088335,173.0949666972,0
36,20,89604,0.2955323814,0.4804515979,178.6137496161,0
36,20,90128,0.3523617783,0.5617513391,185.7746783543,0
36,20,90652,0.2792915974,0.4601749092,172.0813879347,0
36,20,91176,0.3059212642,0.4654155635,172.8028922412,0
36,20,91700,0.3128182416,0.4164093307,176.3357941144,0
36,20,92224,0.3327131197,0.5403889168,179.4953468614,0
36,20,92748,0.2667259192,0.3871174841,167.5580420041,0
36,20,93272,0.2816496949,0.3999929331,168.0976614623,0
36,20,93796,0.3012986543,0.3746155888,172.4464519417,0
36,20,94320,0.3091815435,0.4561844928,178.4980786505,0
36,20,94844,0.3231838752,0.3995225177,172.6293279531,0
36,20,95368,0.2916263486,0.3911874612,173.3704446434,0
36,20,95892,0.2599662359,0.3231951015,169.9488688726,0
36,20,96416,0.3079371922,0.4331297688,178.4663108369,0
36,20,96940,0.3156913999,0.3863293541,171.1050155600,0
36,20,97464,0.3166332394,0.3287399637,174.3079467333,0
36,20,97988,0.3315795699,0.3800061935,178.9864088402,0
36,20,98512,0.3439135256,0.4504384989,183.4394377471,0
36,20,99036,0.2867703814,0.3464718497,173.7079049053,0
36,20,99560,0.2926226219,0.3019853208,175.3624259075,0
36,20,100084,0.3094063435,0.2900341746,176.5411077078,0
36,20,100608,0.3413645584,0.4761480490,184.0046119578,0
36,20,101132,0.2776842824,0.3625655905,172.9833368775,0
36,20,101656,0.2860079671,0.3310255442,172.2997487007,0
36,20,102180,0.2819177529,0.3193838307,175.8542219589,0
36,20,102704,0.3025895780,0.4180887435,176.0664049825,0
36,20,103228,0.2881909399,0.3228734018,170.4703869614,0
36,20,103752,0.2789151703,0.3541454561,168.8325323104,0
36,20,104276,0.2636946339,0.3449136836,168.4415406521,0
36,20,104800,0.2839229439,0.3573486000,171.2322384607,0
36,20,105324,0.2791429874,0.3045313891,167.1934257781,0
36,20,105848,0.2781391718,0.2897780848,169.0329025679,0
36,20,106372,0.2817936586,0.2905409217,175.2118183694,0
36,20,106896,0.3113033860,0.4305502477,177.3141574915,0
36,20,107420,0.2738642467,0.3277896554,169.9282206009,0
36,20,107944,0.2642353168,0.3057832231,167.1712360910,0
36,20,108468,0.2961056316,0.3207691114,172.8927150306,0
36,20,108992,0.2931664230,0.3370581148,175.6305566440,0
36,20,109516,0.3010695842,0.3203813296,170.3090107584,0
36,20,110040,0.2806232088,0.2597366825,168.6442213330,0
36,20,110564,0.3088518463,0.3332223982,173.8313887524,0
36,20,111088,0.3026113193,0.3200232076,175.6576667260,0
36,20,111612,0.3402883144,0.5001386910,176.3289019289,0
36,20,112136,0.2862275169,0.3685614985,175.6059486472,0
36,20,112660,0.2895851203,0.4527772709,178.4340131668,0
36,20,113184,0.2945082318,0.4192660226,176.5786278393,0
36,20,113708,0.3004693496,0.3554217825,174.7104370422,0
36,20,114232,0.3164004975,0.3259369611,178.0888987188,0
36,20,114756,0.3327558929,0.4796591457,183.6574254182,0
36,20,115280,0.2981744103,0.3352962479,175.9275123407,0
36,20,115804,0.2560237357,0.3534106076,170.5254689974,0
36,20,116328,0.2662173225,0.2933014821,172.4819710422,0
36,20,116852,0.2990007354,0.3674064157,175.5635531479,0
36,20,117376,0.2949940502,0.3811275336,175.3256345458,0
36,20,117900,0.2591392228,0.2828396609,170.6002955181,0
36,20,118424,0.2499566247,0.2552291442,170.1989489731,0
36,20,118948,0.2869458030,0.4043291284,173.2956286262,0
36,20,119472,0.2663962037,0.2933370080,170.1667102056,0
36,20,119996,0.2796833266,0.2918132562,168.0186214684,0
36,20,120520,0.2579279633,0.2377784245,171.9251405420,0
36,20,121044,0.2912519084,0.3208586699,173.1863835327,0
36,20,121568,0.2846844657,0.2812622804,173.2419404088,0
36,20,122092,0.3312864359,0.4197354512,175.7708074550,0
36,20,122616,0.3183549154,0.3445451140,177.9248821230,0
36,20,123140,0.3069888213,0.4600237969,182.2256371012,0
36,20,123664,0.2883204242,0.3455151914,179.2802020038,0
36,20,124188,0.2607250139,0.2566000204,171.0238955541,0
36,20,124712,0.2565958631,0.2906615090,173.6947823457,0
36,20,125236,0.2775045967,0.2539740255,174.3445069759,0
36,20,125760,0.2708617671,0.2679658064,174.4006343783,0
36,20,126284,0.2847786533,0.2743728535,170.7417745509,0
36,20,126808,0.2829834948,0.2686718950,173.5340240347,0
36,20,127332,0.3079203341,0.3524001107,176.2854839738,0
36,20,127856,0.2921114646,0.2440944059,176.4562119894,0
36,20,128380,0.3283413328,0.4521219287,175.9978467754,0
36,20,128904,0.3013149195,0.2774608555,179.9408809859,0
36,20,129428,0.3156138484,0.3294876348,178.8148265925,0
36,20,129952,0.3122267358,0.2891626105,179.5199495329,0
36,20,130476,0.3383024487,0.5027934845,179.3655198502,0
36,20,131000,0.3493024870,0.4502352313,186.2112001164,0
36,20,131524,0.3525469124,0.6283565091,186.2027748196,0
36,20,132048,0.3486370683,0.6610132400,182.7569377276,0
36,20,132572,0.3390484218,0.5243899796,176.1115194526,0
36,20,133096,0.3483651020,0.5532756315,181.0250690063,0
36,20,133620,0.3386521195,0.4505774938,177.9478890068,0
36,20,134144,0.3880352821,0.7160892825,191.8561693699,0
36,20,134668,0.3316585899,0.6175334257,181.7637000022,0
36,20,135192,0.3589598032,0.6520334087,183.9207608787,0
36,20,135716,0.3318995220,0.6807109048,177.9579558126,0
36,20,136240,0.3502921173,0.6952986699,181.2061371668,0
36,20,136764,0.3448199361,0.5920932955,176.7537220883,0
36,20,137288,0.3343242212,0.5525685870,180.0640966192,0
36,20,137812,0.2968578041,0.5202164608,171.3636547385,0
36,20,138336,0.3276564367,0.5661071646,178.1587173195,0
36,20,138860,0.3357548712,0.5062988120,175.9162370538,0
36,20,139384,0.3271209178,0.6116339048,177.3024376602,0
36,20,139908,0.3161343547,0.5637053579,174.5915506124,0
36,20,140432,0.3219600739,0.5489755270,174.3391766002,0
36,20,140956,0.2679382743,0.4615773791,168.4977925429,0
36,20,141480,0.3097650329,0.5547387818,170.5265943544,0
36,20,142004,0.2989303211,0.4830974143,168.7148524758,0
36,20,142528,0.3085175743,0.5330042884,175.0326688759,0
36,20,143052,0.2842366257,0.3872617913,170.6351822178,0
36,20,143576,0.3019355136,0.4761560420,173.9614060695,0
36,20,144100,0.2813410407,0.4330937079,169.9548383790,0
36,20,144624,0.2882125630,0.4002532452,172.1679696599,0
36,20,145148,0.3359694062,0.4620641317,173.8309016291,0
36,20,145672,0.3036591803,0.4686142160,177.2892242593,0
36,20,146196,0.2731762035,0.4284071322,172.9530365331,0
36,20,146720,0.2972559948,0.4069347535,175.2169592932,0
36,20,147244,0.3230296643,0.4084867704,175.3445533583,0
36,20,147768,0.3213265210,0.5300403195,175.6304859382,0
36,20,148292,0.2965495838,0.4634337630,172.6062339323,0
36,20,148816,0.3011416603,0.4514416306,170.4288939851,0
36,20,149340,0.2719525350,0.3348356070,168.6893500709,0
36,20,149864,0.2814616711,0.4237267618,167.4164730022,0
36,20,150388,0.2881728399,0.4004027228,168.1479463858,0
36,20,150912,0.2962328882,0.4201684242,174.1264801442,0
36,20,151436,0.2669875594,0.3022787361,170.8854163805,0
36,20,151960,0.2868424069,0.4278393779,169.8128006669,0
36,20,152484,0.2494115771,0.3642632877,165.4245259217,0
36,20,153008,0.2629388078,0.3625519583,166.5989436072,0
36,20,153532,0.2979201653,0.4043545760,169.0800867515,0
36,20,154056,0.2947909124,0.3872925675,174.4747138035,0
36,20,154580,0.2690675357,0.3194714276,167.5741039705,0
36,20,155104,0.2819053231,0.2836747204,171.7637076362,0
36,20,155628,0.3277692727,0.5192914615,176.6111158430,0
36,20,156152,0.3163390265,0.3931805735,175.3298821629,0
36,20,156676,0.3171324883,0.5455282184,178.0596724919,0
36,20,157200,0.3071893670,0.4684661385,177.3969351921,0
36,20,157724,0.2805332048,0.4526046757,172.9037091464,0
36,20,158248,0.2829636667,0.3887440063,168.6151583468,0
36,20,158772,0.3098258923,0.4293290410,175.2849194840,0
36,20,159296,0.2841711398,0.3592770623,174.3061785899,0
36,20,159820,0.2970844999,0.4850748794,176.9936965444,0
36,20,160344,0.2638048823,0.3056290050,167.8168069222,0
36,20,160868,0.2790293367,0.3601811479,171.6948297364,0
36,20,161392,0.2809994867,0.3000048645,173.3219689957,0
36,20,161916,0.3476643982,0.4595003734,178.7294957745,0
36,20,162440,0.2755932693,0.3001226348,173.6226654366,0
36,20,162964,0.2970480602,0.3304208543,173.5960336617,0
36,20,163488,0.3044592571,0.2672756963,176.8512646806,0
36,20,164012,0.3027325519,0.5396562542,175.6899056190,0
36,20,164536,0.3051792453,0.4826847347,171.4458889502,0
36,20,165060,0.2936668968,0.4492603753,173.6912978377,0
36,20,165584,0.2906930094,0.3795186163,172.5462987225,0
36,20,166108,0.2684387397,0.3934776920,169.4154457202,0
36,20,166632,0.2597473375,0.3181198015,167.5388709447,0
36,20,167156,0.2872127286,0.3443377316,171.0713037480,0
36,20,167680,0.3140227388,0.4562598953,181.1346209341,0
36,20,168204,0.2915656870,0.4740984535,172.8074579816,0
36,20,168728,0.2777854612,0.3919396513,169.3630387369,0
36,20,169252,0.2537893766,0.3691628454,165.8349253014,0
36,20,169776,0.2747769000,0.3535048261,173.2715864472,0
36,20,170300,0.2600432620,0.2946093557,167.1615880400,0
36,20,170824,0.2500512579,0.3121753052,166.9182900454,0
36,20,171348,0.2257107354,0.3124513562,164.3063279500,0
36,20,171872,0.2629254896,0.2690248676,171.5995854498,0
36,20,172396,0.2689926021,0.4102168869,167.9042592611,0
36,20,172920,0.2513758614,0.3179715743,166.4986348400,0
36,20,173444,0.2580251656,0.3395117052,167.9319211926,0
36,20,173968,0.2515026548,0.3186922796,171.1922559178,0
36,20,174492,0.2352409249,0.2457947340,163.5466079156,0
36,20,175016,0.2315287733,0.2441941610,162.6385735144,0
36,20,175540,0.2473114883,0.2557833954,164.9575007126,0
36,20,176064,0.2575395014,0.2045918762,173.3729716189,0
36,20,176588,0.3112486249,0.3642531255,173.2551710217,0
36,20,177112,0.2688456722,0.2554884499,168.7742511868,0
36,20,177636,0.2642887785,0.2648091392,166.7453619203,0
36,20,178160,0.2790650884,0.2894713683,173.0148811292,0
36,20,178684,0.3222573793,0.5118685201,175.8945738192,0
36,20,179208,0.2840439584,0.3767816244,176.8073016331,0
36,20,179732,0.3014346925,0.3846420572,176.4467934953,0
36,20,180256,0.3533612360,0.6197909046,185.5038152915,0
36,20,180780,0.2652676501,0.4093935249,171.6189116226,0
36,20,181304,0.2819025230,0.3946344945,172.3681502741,0
36,20,181828,0.2593010853,0.3049904322,170.8111354442,0
36,20,182352,0.2924141427,0.4021299559,172.3455775116,0
36,20,182876,0.2247138212,0.2532055958,163.1711609369,0
36,20,183400,0.2564316959,0.2540237361,167.7709865903,0
36,20,183924,0.2889936202,0.3457116761,173.0684498020,0
36,20,184448,0.3305017721,0.5013991527,179.7299053686,0
36,20,184972,0.2444135164,0.2941027161,166.3023389491,0
36,20,185496,0.2423599196,0.2735636633,164.3644657327,0
36,20,186020,0.2179782942,0.2094517049,164.3981418254,0
36,20,186544,0.2640543326,0.3012559706,170.5360199533,0
36,20,187068,0.2659958663,0.3079222787,165.9646194911,0
36,20,187592,0.2630389227,0.2302262373,172.6166312159,0
36,20,188116,0.2571456015,0.2497805239,170.1005842890,0
36,20,188640,0.3039040399,0.3949851559,178.4842047105,0
36,20,189164,0.2895690161,0.3161482722,170.7736960780,0
36,20,189688,0.2623869133,0.2260920716,170.0943526091,0
36,20,190212,0.2501741663,0.2780875835,173.8272599443,0
36,20,190736,0.2695338777,0.2925938365,173.2583767610,0
36,20,191260,0.2331976801,0.2081715772,167.0825243837,0
36,20,191784,0.2310583457,0.2369093423,167.1163192835,0
36,20,192308,0.2874885814,0.3534648327,176.2798956212,0
36,20,192832,0.2951342435,0.3628221525,178.5075544101,0
36,20,193356,0.2693227199,0.2374486970,170.8350316753,0
36,20,193880,0.2478355046,0.2108493693,167.4993251792,0
36,20,194404,0.2670900626,0.2875731048,172.0344414437,0
36,20,194928,0.2862696993,0.2715726022,175.8269075855,0
36,20,195452,0.3078486389,0.5449979332,177.4500718187,0
36,20,195976,0.2913912673,0.2973822784,178.6541965271,0
36,20,196500,0.2912047709,0.4473419064,180.4328732282,0
36,20,197024,0.3533176906,0.5885642867,182.8273028377,0
36,20,197548,0.3059871365,0.4652841362,174.5177707887,0
36,20,198072,0.3064571131,0.4484851418,174.0047879691,0
36,20,198596,0.3129260553,0.4078089157,178.7162941853,0
36,20,199120,0.2924828260,0.3814967665,174.8766058690,0
36,20,199644,0.3019757882,0.3255557061,171.7583549047,0
36,20,200168,0.2921738661,0.3084721009,173.0074331024,0
36,20,200692,0.3405026409,0.4314930751,180.7515358159,0
36,20,201216,0.3481493118,0.6000061987,183.7462996438,0
36,20,201740,0.2961021383,0.4609261030,174.5871321253,0
36,20,202264,0.2954087007,0.3963391839,173.7201029132,0
36,20,202788,0.2921681762,0.4191112124,176.6232136581,0
36,20,203312,0.2968611704,0.4135474179,175.6899400962,0
36,20,203836,0.3013707108,0.3330595203,174.2522571344,0
36,20,204360,0.2645508712,0.2760208358,173.7030805053,0
36,20,204884,0.2969834075,0.4456244602,174.0400183570,0
36,20,205408,0.2944430715,0.3579560201,172.0527835838,0
36,20,205932,0.2570566262,0.3048914134,167.7360844918,0
36,20,206456,0.2533437621,0.2634323538,168.9153743847,0
36,20,206980,0.2830589939,0.3818998372,172.1038462245,0
36,20,207504,0.2646817022,0.2870819394,167.1483026132,0
36,20,208028,0.2264336800,0.2169912705,164.1451768617,0
36,20,208552,0.2359931704,0.2342768948,165.7087806999,0
36,20,209076,0.2642835703,0.2883742502,171.2873854460,0
36,20,209600,0.2719586230,0.2506424005,172.0889882612,0
36,20,210124,0.2594631944,0.2363235182,168.4941147073,0
36,20,210648,0.2264687867,0.2042072943,166.4455313704,0
36,20,211172,0.2870474942,0.2831812076,173.9920195824,0
36,20,211696,0.2671535266,0.1956936569,172.0709016372,0
36,20,212220,0.3170434671,0.4657918468,176.5927662099,0
36,20,212744,0.2715033485,0.2107878280,177.0773179028,0
36,20,213268,0.3069316745,0.4843626967,177.0774644011,0
36,20,213792,0.3100241640,0.4292593289,176.1585430056,0
36,20,214316,0.2411472289,0.3201757415,166.9602923878,0
36,20,214840,0.2766856697,0.2987132171,173.0387421416,0
36,20,215364,0.2532223763,0.2772558836,167.3282470396,0
36,20,215888,0.2410328379,0.2396087018,166.0625069073,0
36,20,216412,0.2184368129,0.2539594532,162.7052984804,0
36,20,216936,0.2330128520,0.2553988832,168.0681717775,0
36,20,217460,0.2590266315,0.2565515073,167.6195699915,0
36,20,217984,0.2774970551,0.2776186835,172.9751935901,0
36,20,218508,0.2246620906,0.1893216652,165.1103627518,0
36,20,219032,0.2318566723,0.2418828676,167.8928731667,0
36,20,219556,0.2140478797,0.2443155714,165.6240885121,0
36,20,220080,0.2264938859,0.2372811635,168.6628241518,0
36,20,220604,0.2621784928,0.3695072493,167.7934881485,0
36,20,221128,0.2707649029,0.3011895935,176.3507791386,0
36,20,221652,0.2793269019,0.2922820942,171.6653944433,0
36,20,222176,0.2677559365,0.2105982275,172.9089168828,0
36,20,222700,0.2822094904,0.3741684036,170.0195011584,0
36,20,223224,0.2819036577,0.3342005065,175.0761015811,0
36,20,223748,0.2660639397,0.3311906225,172.2469767410,0
36,20,224272,0.2829053004,0.3505911372,174.7992906286,0
36,20,224796,0.2508431127,0.2532479688,170.7584081733,0
36,20,225320,0.2921451818,0.3685576852,176.2360607681,0
36,20,225844,0.2684981668,0.2772510376,173.6263582478,0
36,20,226368,0.2780006083,0.2771441215,174.8785437231,0
36,20,226892,0.2434132228,0.1685230557,169.0424116152,0
36,20,227416,0.2750179844,0.2478895052,173.4228289495,0
36,20,227940,0.2728091215,0.2663409931,172.7586319501,0
36,20,228464,0.2946085522,0.2420102563,177.6703127801,0
36,20,228988,0.3257027627,0.5577835019,181.5877888441,0
36,20,229512,0.3584495419,0.6003116052,187.3643358323,0
36,20,230036,0.2947319014,0.4822240006,175.2974048401,0
36,20,230560,0.3050719322,0.4252866200,175.9539054105,0
36,20,231084,0.2535934880,0.3402542501,170.6945260718,0
36,20,231608,0.2615319308,0.2953173513,170.6531307273,0
36,20,232132,0.2429128056,0.2752371764,169.9060310770,0
36,20,232656,0.2510938443,0.2327635216,171.5259729964,0
36,20,233180,0.2448442361,0.2668225917,170.9865139140,0
36,20,233704,0.2898589711,0.3299271267,175.0907593605,0
36,20,234228,0.2597380731,0.2911759839,170.4139923890,0
36,20,234752,0.2996024994,0.3285822777,176.9425231786,0
36,20,235276,0.2432413940,0.2454982564,171.5642311756,0
36,20,235800,0.2473037974,0.2645940483,170.5023066359,0
36,20,236324,0.2107030303,0.2356763416,168.9039945058,0
36,20,236848,0.2337974806,0.2170820757,172.5677151121,0
36,20,237372,0.2879088103,0.4515305941,177.0500060895,0
36,20,237896,0.3050897215,0.3972084727,175.8082538084,0
36,20,238420,0.2296272524,0.2483613894,167.9159760011,0
36,20,238944,0.2473681071,0.1867719748,168.4478632404,0
36,20,239468,0.2469558279,0.3288056685,168.8294917038,0
36,20,239992,0.2259707613,0.2380721917,166.4818277903,0
36,20,240516,0.2180212605,0.2098666868,168.8261557327,0
36,20,241040,0.2223990550,0.2012146725,169.1181341164,0
36,20,241564,0.2656164529,0.3856131851,172.0001509734,0
36,20,242088,0.2631629766,0.2576355460,171.3369050976,0
36,20,242612,0.2527174195,0.2753069745,170.8984481617,0
36,20,243136,0.2643381394,0.1864544159,174.5377644252,0
36,20,243660,0.2852422709,0.3880529274,174.9663752552,0
36,20,244184,0.2799573237,0.3072969079,175.2117585253,0
36,20,244708,0.2827673700,0.3608088875,175.4768717277,0
36,20,245232,0.2862595828,0.3240946576,178.3798998127,0
36,20,245756,0.3558161299,0.6813822516,188.3233659202,0
36,20,246280,0.3193843105,0.4310895427,183.3758693725,0
36,20,246804,0.2797388471,0.3588195363,178.2515366580,0
36,20,247328,0.2882715959,0.3803218886,179.7062183790,0
36,20,247852,0.2539471652,0.2696777544,174.1852036982,0
36,20,248376,0.2347388556,0.2019047756,171.5295265781,0
36,20,248900,0.2435986023,0.2790958184,172.8097300469,0
36,20,249424,0.2255380524,0.2189436741,173.5234648594,0
36,20,249948,0.2792993206,0.2511240437,172.9245799030,0
36,20,250472,0.2392093536,0.1909668393,170.2990980004,0
36,20,250996,0.2592581959,0.2193491947,171.9700119540,0
36,20,251520,0.2514453635,0.2178551015,174.8819401827,0
36,20,252044,0.2785801516,0.2592894217,174.7659108774,0
36,20,252568,0.2260189278,0.2367986382,168.4483911475,0
36,20,253092,0.2329442741,0.1927708811,171.0480213474,0
36,20,253616,0.2589215453,0.2153694711,176.0796233471,0
36,20,254140,0.3009839650,0.3053375777,177.1496745998,0
36,20,254664,0.2952025112,0.2220913656,178.3612232810,0
36,20,255188,0.2499957460,0.2459335580,171.9127398465,0
36,20,255712,0.2498797026,0.2125907654,175.4887912670,0
36,20,256236,0.3203264667,0.4228025831,178.0368797648,0
36,20,256760,0.2828864815,0.3171630328,174.8179695676,0
36,20,257284,0.2466514233,0.2277588317,175.0889660666,0
36,20,257808,0.2681776896,0.2651733811,180.6216475175,0
36,20,258332,0.2939664179,0.2684681461,177.5604468839,0
36,20,258856,0.2665333894,0.2555510725,175.7395572550,0
36,20,259380,0.2656527844,0.3028316706,176.8656660782,0
36,20,259904,0.2731824379,0.2396526374,180.1016186778,0
36,20,260428,0.3086027453,0.4052885536,179.8356337922,0
36,20,260952,0.2920350720,0.3801571664,177.2752705617,0
36,20,261476,0.3024697544,0.4427446647,180.0384625776,0
36,20,262000,0.3261385979,0.4784159512,187.9317882833,0
36,20,262524,0.3746298934,0.6155400398,182.8290859768,0
36,20,263048,0.3720026139,0.6466942708,186.9955793803,0
36,20,263572,0.3433435716,0.6953901352,179.5312646240,0
36,20,264096,0.3610449637,0.6826130865,183.9141979080,0
36,20,264620,0.3104290964,0.6375570018,174.1907467466,0
36,20,265144,0.3286912001,0.6289046505,175.3998072115,0
36,20,265668,0.3203239206,0.6150395976,177.2570951957,0
36,20,266192,0.3418832213,0.5805885505,181.7084628758,0
36,20,266716,0.3300421841,0.4794219852,175.4162154801,0
36,20,267240,0.3304598380,0.5871902237,175.2141068802,0
36,20,267764,0.3441387494,0.5621046253,174.8525163530,0
36,20,268288,0.3855567364,0.6820503761,192.5420245116,0
36,20,268812,0.3281620684,0.6517406300,177.6011374400,0
36,20,269336,0.3417356825,0.6333283690,179.3468532944,0
36,20,269860,0.3554096220,0.6390385980,183.2353450020,0
36,20,270384,0.3698407418,0.6465992367,187.7489859748,0
36,20,270908,0.3342505354,0.6303744443,176.3250164676,0
36,20,271432,0.3316579827,0.5998389268,176.2749445907,0
36,20,271956,0.3039311832,0.6078812108,172.5250739891,0
36,20,272480,0.3430104702,0.6402837802,178.4826090060,0
36,20,273004,0.3009566341,0.5614610456,169.0270264575,0
36,20,273528,0.3096876417,0.5609355541,172.4884663239,0
36,20,274052,0.3033584633,0.5470701833,173.9788962145,0
36,20,274576,0.3290502873,0.4796247103,178.8138596884,0
36,20,275100,0.2727083838,0.4532461316,167.4531641891,0
36,20,275624,0.3006974913,0.4705915407,168.5484225849,0
36,20,276148,0.3298074000,0.4821834371,173.0304660705,0
36,20,276672,0.3220935243,0.4528492228,181.9172240833,0
36,20,277196,0.3162842367,0.4143505566,172.5418824847,0
36,20,277720,0.3056220679,0.3942209207,173.6583592459,0
36,20,278244,0.3556088403,0.4942794620,179.1193244688,0
36,20,278768,0.3268874741,0.4848691493,179.5486653740,0
36,20,279292,0.3262465175,0.4389669208,173.0549007867,0
36,20,279816,0.3310295673,0.5535288335,177.4713735539,0
36,20,280340,0.3020820347,0.5315942321,177.1639432222,0
36,20,280864,0.3228996899,0.5718674134,174.6912287162,0
36,20,281388,0.2659699853,0.4729702182,166.6404195325,0
36,20,281912,0.2851548892,0.4425820485,168.7353809268,0
36,20,282436,0.2764115985,0.4206924066,171.3010554391,0
36,20,282960,0.2949302980,0.4413086324,169.8536349981,0
36,20,283484,0.2485126757,0.3721499889,163.4177005089,0
36,20,284008,0.2685895396,0.3872203266,163.2782366423,0
36,20,284532,0.3155199707,0.4273736175,170.6795766710,0
36,20,285056,0.3008264193,0.4534132038,175.7573341434,0
36,20,285580,0.2617518707,0.3230166035,167.7495355420,0
36,20,286104,0.2569280490,0.2896759210,166.8288473760,0
36,20,286628,0.3015516145,0.3650728832,172.0645429352,0
36,20,287152,0.2922373977,0.3800714123,173.8056858749,0
36,20,287676,0.2932988349,0.3439348558,169.6549145427,0
36,20,288200,0.2741037111,0.3263750885,172.5262197980,0
36,20,288724,0.2776402334,0.2967826832,170.3530914597,0
36,20,289248,0.2851056928,0.3317073986,172.6611076922,0
36,20,289772,0.3168820834,0.4258481326,170.4574673447,0
36,20,290296,0.3061821835,0.3427496043,171.5677095373,0
36,20,290820,0.3278069739,0.5570920202,184.1562955803,0
36,20,291344,0.3070468922,0.4445155456,177.3256917556,0
36,20,291868,0.2737271874,0.4070682140,171.9080917409,0
36,20,292392,0.2808808425,0.3662708089,172.0871044108,0
36,20,292916,0.3357096139,0.4590726656,181.9765483749,0
36,20,293440,0.2895559048,0.3481564396,177.0903976056,0
36,20,293964,0.3198146416,0.3864908701,176.1136717859,0
36,20,294488,0.3031661648,0.3159839534,175.1924635172,0
36,20,295012,0.3320623405,0.6524705856,180.4206873963,0
36,20,295536,0.3236499155,0.5559976086,176.4797720123,0
36,20,296060,0.3190391198,0.4724942462,172.8434617474,0
36,20,296584,0.3142476033,0.5021659166,175.0558003546,0
36,20,297108,0.2921523151,0.5199893077,171.4977976950,0
36,20,297632,0.3000593802,0.4751133447,169.2158078976,0
36,20,298156,0.2533966595,0.3764020080,165.5857831356,0
36,20,298680,0.2745579944,0.3516163580,169.1097133229,0
36,20,299204,0.2954659515,0.5379009487,173.5658041109,0
36,20,299728,0.2644406531,0.3637763151,166.2373691517,0
36,20,300252,0.2400146238,0.2780112458,163.5224643074,0
36,20,300776,0.2375086096,0.2822084570,165.6082251324,0
36,20,301300,0.2974910266,0.3650909550,171.8544266746,0
36,20,301824,0.2977453149,0.4266643514,174.8260210579,0
36,20,302348,0.2453385389,0.3008564123,167.9919166348,0
36,20,302872,0.2690348544,0.2886645330,172.0989369613,0
36,20,303396,0.2831014159,0.4897421498,171.1985263088,0
36,20,303920,0.2827183793,0.4233187401,172.2873531664,0
36,20,304444,0.2617003206,0.3266434837,165.3214830316,0
36,20,304968,0.2472944328,0.2898459300,167.4721272361,0
36,20,305492,0.2342067008,0.2903029747,161.9163483149,0
36,20,306016,0.2471399268,0.2910389152,164.1935819267,0
36,20,306540,0.2425890678,0.2677810511,161.3544063013,0
36,20,307064,0.2668914818,0.2788441856,168.1791543150,0
36,20,307588,0.2657797399,0.3362926954,170.8077511532,0
36,20,308112,0.2438703813,0.2397753338,168.3894745920,0
36,20,308636,0.2183082570,0.1821206442,162.4482323432,0
36,20,309160,0.2206484901,0.2194115876,165.5852143820,0
36,20,309684,0.2568898045,0.2549697468,168.7236790004,0
36,20,310208,0.2529070991,0.1991368670,173.0436397622,0
36,20,310732,0.2692896642,0.3367894266,171.8448568969,0
36,20,311256,0.2700167314,0.3510072979,175.2816106290,0
36,20,311780,0.2997435469,0.3829978906,174.5301654329,0
36,20,312304,0.2848935142,0.2885406045,174.2536699732,0
36,20,312828,0.2967565846,0.3875549549,172.0652227499,0
36,20,313352,0.3239993276,0.5119393454,179.1117879397,0
36,20,313876,0.2716390496,0.3784298267,170.6265322330,0
36,20,314400,0.3022233246,0.4116295473,174.5768852476,0
36,20,314924,0.2516392287,0.2640302440,169.2426842334,0
36,20,315448,0.2857046215,0.3987707082,172.2874712087,0
36,20,315972,0.2493388539,0.2654748511,166.7114154528,0
36,20,316496,0.2591564494,0.2888400726,166.7787177204,0
36,20,317020,0.2058180672,0.1740723001,162.9504050471,0
36,20,317544,0.2705674297,0.3114224497,170.3813481749,0
36,20,318068,0.2737508026,0.2880145625,168.9089184574,0
36,20,318592,0.2700830521,0.2890574682,173.5581110476,0
36,20,319116,0.2338399236,0.2001880765,168.3698382210,0
36,20,319640,0.2905113919,0.4102650759,173.4826974813,0
36,20,320164,0.2348670025,0.2695461199,166.9105786995,0
36,20,320688,0.2430882053,0.2497247730,168.7326622624,0
36,20,321212,0.2414043366,0.2861936853,167.5574329234,0
36,20,321736,0.2795896468,0.3154614969,174.8755249274,0
36,20,322260,0.2230806385,0.2117972905,164.5928969622,0
36,20,322784,0.2545021255,0.1992286435,171.1557848073,0
36,20,323308,0.2744517059,0.3874499329,171.9901348362,0
36,20,323832,0.3023207273,0.2892605700,176.4112897866,0
36,20,324356,0.2409685806,0.2562095285,173.5974324804,0
36,20,324880,0.2499130903,0.2621907325,172.6393198011,0
36,20,325404,0.2368373618,0.2859556005,170.9557910345,0
36,20,325928,0.2629911113,0.2169531793,172.8830673812,0
36,20,326452,0.2797164014,0.3102451642,176.1115210606,0
36,20,326976,0.2700260698,0.2246117941,176.6116337115,0
36,20,327500,0.2875339847,0.4243161425,177.4945286815,0
36,20,328024,0.3437552198,0.6562963020,176.6999727628,0
36,20,328548,0.3098057806,0.5998079896,173.6364453764,0
36,20,329072,0.3238252897,0.5648191380,173.8897586288,0
36,20,329596,0.3575471636,0.5483659198,176.4062334974,0
36,20,330120,0.3143302661,0.4915201263,175.9166770462,0
36,20,330644,0.2785944634,0.4607507341,170.2203915725,0
36,20,331168,0.2996519738,0.4620753808,170.5926346494,0
36,20,331692,0.3021724448,0.3988099079,171.1166247572,0
36,20,332216,0.2708719444,0.3621704842,168.6084115586,0
36,20,332740,0.2603968847,0.3507187996,169.5216843462,0
36,20,333264,0.2639499746,0.3378578854,167.7337734799,0
36,20,333788,0.2880830865,0.3405222670,169.6339352748,0
36,20,334312,0.2730432773,0.2708118758,170.2540791277,0
36,20,334836,0.2971144769,0.3639054140,171.9674532793,0
36,20,335360,0.3226381014,0.5031232175,182.1816176250,0
36,20,335884,0.3246745189,0.6044128680,179.6115420208,0
36,20,336408,0.3054963302,0.4925789786,172.0072745439,0
36,20,336932,0.2926221599,0.4761269098,171.9866510021,0
36,20,337456,0.2980280294,0.4465739364,175.5291382762,0
36,20,337980,0.2797921811,0.3584053205,170.1251413600,0
36,20,338504,0.2594217896,0.3240717828,165.6747432735,0
36,20,339028,0.2466169022,0.3055308660,165.5062218611,0
36,20,339552,0.2614119757,0.2871706075,169.5429678152,0
36,20,340076,0.2635910316,0.3517899900,169.4110322037,0
36,20,340600,0.2308468464,0.2515985989,164.6889206100,0
36,20,341124,0.2523225513,0.2934930087,167.2004778869,0
36,20,341648,0.2462691477,0.2474427904,167.1610274187,0
36,20,342172,0.2408875658,0.2396618429,166.9274544218,0
36,20,342696,0.2220432738,0.2302250622,163.1639040384,0
36,20,343220,0.2738993124,0.3011665460,170.2486957120,0
36,20,343744,0.2517962819,0.2438010363,174.1344270792,0
36,20,344268,0.3007137685,0.5053200662,175.5416610288,0
36,20,344792,0.2699123904,0.3303535062,166.9307806666,0
36,20,345316,0.2458831947,0.3007079335,166.9669681798,0
36,20,345840,0.2450015856,0.2380997025,169.0839606237,0
36,20,346364,0.2872219122,0.3220594377,168.6275900928,0
36,20,346888,0.2718369770,0.3180092374,169.3719075148,0
36,20,347412,0.2446520147,0.3052719973,166.2696151552,0
36,20,347936,0.2618676189,0.2652296068,171.7442742801,0
36,20,348460,0.2233536280,0.2613495005,163.7849978964,0
36,20,348984,0.2181947454,0.1982772806,164.1005176057,0
36,20,349508,0.2168989460,0.1941748009,161.2869359008,0
36,20,350032,0.2045743843,0.1803389203,164.5703638646,0
36,20,350556,0.2010819698,0.1770404799,160.6925961840,0
36,20,351080,0.1963099578,0.2238375226,161.4742241319,0
36,20,351604,0.2479925045,0.3502779459,165.9190568481,0
36,20,352128,0.2462447626,0.2040793770,173.6727105763,0
36,20,352652,0.2688378055,0.3718712612,171.0194695973,0
36,20,353176,0.2380646847,0.2638866874,167.1856676958,0
36,20,353700,0.2030467164,0.2216390437,162.8363446047,0
36,20,354224,0.2376110618,0.2239419229,169.9576652360,0
36,20,354748,0.2290096809,0.2806770675,164.1286122167,0
36,20,355272,0.2340832458,0.2487254992,169.0301664782,0
36,20,355796,0.2250969167,0.2524624085,164.1880680064,0
36,20,356320,0.2512038792,0.2522455292,171.9222621987,0
36,20,356844,0.2931194355,0.4200973703,172.9006315047,0
36,20,357368,0.2720122442,0.3491561887,172.3633134715,0
36,20,357892,0.2512551647,0.2817711210,172.6205710698,0
36,20,358416,0.2833090195,0.3274648900,178.4303107746,0
36,20,358940,0.2501736043,0.2427686221,168.9060604094,0
36,20,359464,0.2645001439,0.2457649439,173.0946611896,0
36,20,359988,0.3221435551,0.4295011162,180.6342965701,0
36,20,360512,0.3669284918,0.6332282659,186.8819869330,0
36,20,361036,0.2924183693,0.4348619151,172.7180946562,0
36,20,361560,0.2948319205,0.4040071873,170.5666989102,0
36,20,362084,0.2685633130,0.3459985440,171.5126647568,0
36,20,362608,0.2832876124,0.3349267834,173.0356813097,0
36,20,363132,0.2806781627,0.2741133138,167.8876932933,0
36,20,363656,0.2742070590,0.3109448482,170.7378993114,0
36,20,364180,0.2441330887,0.2445744080,168.9266736495,0
36,20,364704,0.2927815202,0.3844186485,171.6296849547,0
36,20,365228,0.2112973947,0.1930355465,161.5227875717,0
36,20,365752,0.2146339448,0.2172948163,162.6175581462,0
36,20,366276,0.2052734529,0.2097190395,165.4691050173,0
36,20,366800,0.2447967574,0.1796481012,168.9621925775,0
36,20,367324,0.2338910751,0.2565506733,163.2583635689,0
36,20,367848,0.2297582203,0.2045961202,168.4118177385,0
36,20,368372,0.2871947131,0.4125340974,173.8944540886,0
36,20,368896,0.3346246992,0.5068515401,181.2951904835,0
36,20,369420,0.2554565036,0.2748341216,169.4735760883,0
36,20,369944,0.2550349229,0.2517920269,166.6392226726,0
36,20,370468,0.2294980881,0.2352348508,168.3910464105,0
36,20,370992,0.2369722224,0.1758077804,167.6706390009,0
36,20,371516,0.2414571831,0.2605916106,165.2226196619,0
36,20,372040,0.2114131931,0.2287669237,164.2050159980,0
36,20,372564,0.2417703906,0.2958703949,166.5310971090,0
36,20,373088,0.2458175567,0.2132352160,168.0486897391,0
36,20,373612,0.2342948569,0.2519505348,163.7894297930,0
36,20,374136,0.2277166218,0.2365215844,163.2631466052,0
36,20,374660,0.2192748768,0.1679638403,168.5666832206,0
36,20,375184,0.2179683146,0.1695848242,169.7785269884,0
36,20,375708,0.2548106832,0.3258804667,167.1931837534,0
36,20,376232,0.2376049591,0.2307104169,167.4881939763,0
36,20,376756,0.3068102879,0.4761860035,177.3035190782,0
36,20,377280,0.3222933629,0.4257592220,182.7708121180,0
36,20,377804,0.3090217786,0.3222191075,175.2893767465,0
36,20,378328,0.2730985905,0.2276645263,171.1462211981,0
36,20,378852,0.2645216819,0.2703077653,173.2996317486,0
36,20,379376,0.2445382331,0.2340904143,171.5923594886,0
36,20,379900,0.3008086198,0.4901187358,173.8196705533,0
36,20,380424,0.2601959206,0.2134560194,174.6697566385,0
36,20,380948,0.2744006355,0.3272450150,175.4242040582,0
36,20,381472,0.2664720613,0.2550570745,171.9953292023,0
36,20,381996,0.2180640145,0.1647253163,166.4143866080,0
36,20,382520,0.2107056553,0.2180565252,168.7133623829,0
36,20,383044,0.2501782892,0.2446149775,171.8313336852,0
36,20,383568,0.2103075011,0.1974377653,166.6734231531,0
36,20,384092,0.2393673653,0.2369981244,166.7288238087,0
36,20,384616,0.2485268824,0.2679753316,170.7228497182,0
36,20,385140,0.2843015664,0.2643776516,175.9288331610,0
36,20,385664,0.2815700056,0.3082523458,176.1229060257,0
36,20,386188,0.2341118965,0.1634394983,169.1823463585,0
36,20,386712,0.2074558799,0.2256674220,168.1791339261,0
36,20,387236,0.2374646671,0.2131548035,169.1346925548,0
36,20,387760,0.2185224426,0.2246764322,167.8149917376,0
36,20,388284,0.2636436469,0.3273675806,168.6039494767,0
36,20,388808,0.2526882977,0.2543110155,173.1817522369,0
36,20,389332,0.2835828129,0.2813740564,175.0078974495,0
36,20,389856,0.2574824215,0.2219596772,173.5116827193,0
36,20,390380,0.2972716022,0.4434637251,174.1220810218,0
36,20,390904,0.2907440393,0.3593463734,175.9427498146,0
36,20,391428,0.2648047816,0.2092159421,177.6072307566,0
36,20,391952,0.2575185238,0.2295606610,177.5694998945,0
36,20,392476,0.2809827471,0.3953384202,175.1059492568,0
36,20,393000,0.2921149292,0.3847933622,179.8398113997,0
36,20,393524,0.3465034165,0.6729159051,184.2855231574,0
36,20,394048,0.3635977474,0.6267506369,183.6095365060,0
36,20,394572,0.3150041807,0.5171002301,173.8977656796,0
36,20,395096,0.3196951708,0.5034038376,176.2551790026,0
36,20,395620,0.2938409448,0.4513584505,171.5454895386,0
36,20,396144,0.3076813060,0.4263701409,174.1089451291,0
36,20,396668,0.3349954567,0.4115982319,172.3104761009,0
36,20,397192,0.3081272355,0.4156174449,179.1516784632,0
36,20,397716,0.2848308843,0.4268953782,172.4735672697,0
36,20,398240,0.2980258758,0.3783969094,172.1433406001,0
36,20,398764,0.2529870323,0.3015489429,165.2016246449,0
36,20,399288,0.3024110941,0.3270694355,172.5227760074,0
36,20,399812,0.2618909230,0.2724047341,172.6971482698,0
36,20,400336,0.2703772653,0.2770930777,171.6432544027,0
36,20,400860,0.2976438938,0.3135555375,170.4662287604,0
36,20,401384,0.3181684118,0.2999470706,177.6843180354,0
36,20,401908,0.3056206113,0.3174024982,174.4586735423,0
36,20,402432,0.3547939494,0.5681099252,184.1635121145,0
36,20,402956,0.2894366533,0.4212456178,173.8505809835,0
36,20,403480,0.3067089604,0.4390995929,174.1829969231,0
36,20,404004,0.2852743109,0.3945942201,170.4033270751,0
36,20,404528,0.3072074834,0.4028859982,175.9659171913,0
36,20,405052,0.3276794141,0.3721949972,174.8598853701,0
36,20,405576,0.3054351573,0.4582288805,176.9615004469,0
36,20,406100,0.2505377565,0.2546558408,166.4095878948,0
36,20,406624,0.2836093066,0.3117182312,171.1380116372,0
36,20,407148,0.2692325898,0.2504781006,167.9148968378,0
36,20,407672,0.2750624055,0.2832596098,172.6684869313,0
36,20,408196,0.2494018469,0.2733344474,169.8032170789,0
36,20,408720,0.2645546261,0.2571948870,172.8382738474,0
36,20,409244,0.2844281828,0.2902279523,171.4204079091,0
36,20,409768,0.3207088122,0.4894448134,174.2718258119,0
36,20,410292,0.2740546430,0.3530519251,169.4828418209,0
36,20,410816,0.3005103024,0.3752810028,174.3544706490,0
36,20,411340,0.2396839623,0.2562792415,168.0758931628,0
36,20,411864,0.2606151762,0.2964745877,167.9210720624,0
36,20,412388,0.2325086573,0.2614257476,165.0268575735,0
36,20,412912,0.2455974463,0.2351679661,169.3083259180,0
36,20,413436,0.2885048915,0.4143782398,171.9636694711,0
36,20,413960,0.3014169119,0.3998890163,174.4626105433,0
36,20,414484,0.2427555821,0.2599950112,167.5679758625,0
36,20,415008,0.2659579341,0.2778416827,167.2095120782,0
36,20,415532,0.2306388267,0.2230545496,165.0684836098,0
36,20,416056,0.2277433339,0.1831900883,165.8466413642,0
36,20,416580,0.2092732270,0.2037291487,164.5105041940,0
36,20,417104,0.2246155074,0.2033507360,165.4701119499,0
36,20,417628,0.2657510178,0.3448771453,168.5560621039,0
36,20,418152,0.2714706471,0.3144657553,168.8195455043,0
36,20,418676,0.2567229834,0.2638774325,168.4596426417,0
36,20,419200,0.2767394628,0.2885262712,172.5190220214,0
36,20,419724,0.2374346408,0.1900225260,169.0366771445,0
36,20,420248,0.2269313249,0.1878647752,166.3556756117,0
36,20,420772,0.2015651959,0.1865057703,164.4060388806,0
36,20,421296,0.2168900912,0.2377452433,167.8257996650,0
36,20,421820,0.2956535741,0.4991457228,173.0402774945,0
36,20,422344,0.3006463577,0.2775789788,177.5585136775,0
36,20,422868,0.2448572503,0.2770060487,169.4654933204,0
36,20,423392,0.2460018202,0.2339121358,170.7986614255,0
36,20,423916,0.3020326108,0.5126687312,174.3215537663,0
36,20,424440,0.2961540141,0.4054036998,176.9445004361,0
36,20,424964,0.2926808207,0.2799764965,179.2657622496,0
36,20,425488,0.2963366453,0.2377628422,180.8681584426,0
36,20,426012,0.3285153766,0.5711631927,181.2159645099,0
36,20,426536,0.3274441890,0.4999523898,175.9935697274,0
36,20,427060,0.3091321645,0.4557123226,177.9646755436,0
36,20,427584,0.3169308064,0.4169935763,177.2644734375,0
36,20,428108,0.2736610410,0.3624065538,171.5499681792,0
36,20,428632,0.2602456115,0.2978072344,165.0114385744,0
36,20,429156,0.2513687809,0.3036385563,169.5228481547,0
36,20,429680,0.2795098530,0.2439218102,173.5262237804,0
36,20,430204,0.2856381433,0.2807656114,170.2334583174,0
36,20,430728,0.2723756493,0.2877889591,168.4731548097,0
36,20,431252,0.2272895562,0.2083191404,164.2761258271,0
36,20,431776,0.2416058713,0.1942274377,165.7586271259,0
36,20,432300,0.2248545466,0.2466707957,165.1579174240,0
36,20,432824,0.2102322582,0.2105830288,162.6592458698,0
36,20,433348,0.2112391813,0.1917079356,168.2541962368,0
36,20,433872,0.2189053763,0.1836457996,168.9419059993,0
36,20,434396,0.2743054384,0.2738803383,169.3356104792,0
36,20,434920,0.2388384385,0.2271728553,166.3608375685,0
36,20,435444,0.2394081263,0.2746003157,166.8461177835,0
36,20,435968,0.2918592109,0.3239199727,176.5994264966,0
36,20,436492,0.2309601893,0.2004377501,166.2962681802,0
36,20,437016,0.2238049537,0.1934936767,164.8020632084,0
36,20,437540,0.2029876906,0.1930493333,163.9278618747,0
36,20,438064,0.2651905233,0.2024211041,173.1551957493,0
36,20,438588,0.2375202306,0.2200934749,166.9266979602,0
36,20,439112,0.2171671237,0.2286789787,166.1404114275,0
36,20,439636,0.1943416857,0.2727802898,161.2283010605,0
36,20,440160,0.2203603714,0.2119984201,167.3426101770,0
36,20,440684,0.2501866781,0.2840133824,166.0547748378,0
36,20,441208,0.2596793081,0.2593679082,167.2746893576,0
36,20,441732,0.2213412097,0.2224090380,169.2610729229,0
36,20,442256,0.2652093449,0.2540396892,175.3043093627,0
36,20,442780,0.2904710281,0.3439767352,172.7485114340,0
36,20,443304,0.2669128604,0.2895801686,170.7066342092,0
36,20,443828,0.2477894460,0.1833556870,168.5528369068,0
36,20,444352,0.2705918434,0.2043648720,176.4715819585,0
36,20,444876,0.2736263652,0.2625822170,170.7086280081,0
36,20,445400,0.2542829395,0.2369699539,168.3035064327,0
36,20,445924,0.2483958649,0.2451657130,168.1723220171,0
36,20,446448,0.2822269148,0.3245504932,176.1792634811,0
36,20,446972,0.2927922078,0.4389613271,173.8736370752,0
36,20,447496,0.2737200693,0.2770310635,172.8041946100,0
36,20,448020,0.2301496171,0.2081860818,169.8405525177,0
36,20,448544,0.2795315776,0.2791333580,175.0283639937,0
36,20,449068,0.2175801923,0.2227566362,165.7598541700,0
36,20,449592,0.2304087215,0.2003618219,169.8970616427,0
36,20,450116,0.2288250747,0.2138180128,170.3314910847,0
36,20,450640,0.2898599481,0.3340618064,175.6520965318,0
36,20,451164,0.2180682943,0.1823509432,165.8852600834,0
36,20,451688,0.2246014906,0.2038980694,168.4256910689,0
36,20,452212,0.2545357612,0.3075873571,171.6576656818,0
36,20,452736,0.2853531120,0.3079544798,176.6659686856,0
36,20,453260,0.2208801626,0.1953519106,165.6848003480,0
36,20,453784,0.2104097427,0.2160273627,166.4162660816,0
36,20,454308,0.2398813859,0.2643384528,168.6302978294,0
36,20,454832,0.2547306225,0.2771782785,174.6172967918,0
36,20,455356,0.2661348241,0.3465403767,169.3012917745,0
36,20,455880,0.2556569035,0.2145738379,174.1825200360,0
36,20,456404,0.2563375850,0.2680589592,170.3218280804,0
36,20,456928,0.2999328652,0.2588959846,179.8942746873,0
36,20,457452,0.3214519299,0.5402110767,176.9244525513,0
36,20,457976,0.3156677984,0.4436021974,179.7300964064,0
36,20,458500,0.2783419293,0.3352735084,181.0223799627,0
36,20,459024,0.3738253966,0.6379439305,189.2149646842,0
36,20,459548,0.3164600561,0.5015078817,179.2626182725,0
36,20,460072,0.3264258894,0.4707004257,176.0545432523,0
36,20,460596,0.3638818938,0.4661812604,183.8197426526,0
36,20,461120,0.3111741621,0.4049851560,177.3795692194,0
36,20,461644,0.2580521999,0.2744525901,169.5051606553,0
36,20,462168,0.2721870685,0.3035723597,169.0551967546,0
36,20,462692,0.2958829338,0.2597611327,174.7721335202,0
36,20,463216,0.2692733218,0.2883643030,172.5145928093,0
36,20,463740,0.2846845670,0.3257260243,170.1648530654,0
36,20,464264,0.2693497478,0.2471167882,172.1302135049,0
36,20,464788,0.2792852484,0.2475018413,172.5388836265,0
36,20,465312,0.2497755891,0.2252132269,171.0101319380,0
36,20,465836,0.2395651022,0.3050537849,167.2558008049,0
36,20,466360,0.2410280036,0.2356811360,169.7690079612,0
36,20,466884,0.2687611778,0.2744484215,176.4691318642,0
36,20,467408,0.2824829460,0.3112317764,175.3525508103,0
36,20,467932,0.2840259927,0.3033432857,171.2044916787,0
36,20,468456,0.2636781000,0.2352057561,170.2908020353,0
36,20,468980,0.2920338693,0.3972051953,176.1354724472,0
36,20,469504,0.3059793526,0.3579903786,177.5302198316,0
36,20,470028,0.2533069558,0.2488678326,171.6914029954,0
36,20,470552,0.2512104400,0.2101153498,172.4308882083,0
36,20,471076,0.2706832049,0.3246386005,175.5465334155,0
36,20,471600,0.2660707507,0.2441507428,173.4772903061,0
36,20,472124,0.2601377731,0.2383427982,170.4136993179,0
36,20,472648,0.2207269641,0.1885422435,169.6480448545,0
36,20,473172,0.2257263760,0.2063952724,171.3295644590,0
36,20,473696,0.2234720996,0.1995348869,171.0147833505,0
36,20,474220,0.2622047770,0.2976650123,172.2568215304,0
36,20,474744,0.2856334136,0.3343029373,176.1804383337,0
36,20,475268,0.3193358760,0.4586250190,179.6878302876,0
36,20,475792,0.2977516998,0.3574885645,173.8090932026,0
36,20,476316,0.2361243841,0.2320608854,167.3730135846,0
36,20,476840,0.2464709507,0.2393970303,167.9013452159,0
36,20,477364,0.2310030263,0.2115490743,168.8636662463,0
36,20,477888,0.2454712245,0.2022680179,170.0714117781,0
36,20,478412,0.2308152343,0.1992501404,168.4900810876,0
36,20,478936,0.2269426120,0.2352109413,168.1252592047,0
36,20,479460,0.2532765828,0.2041438281,170.8201101953,0
36,20,479984,0.2254936505,0.2079855826,167.9402191691,0
36,20,480508,0.2773744897,0.3566372509,168.9271632910,0
36,20,481032,0.2398480046,0.2066507572,172.3918686420,0
36,20,481556,0.2068640708,0.2150495017,168.4440021468,0
36,20,482080,0.2208092933,0.2169564794,169.0012104024,0
36,20,482604,0.2268168971,0.2275094518,165.9692169325,0
36,20,483128,0.2801441929,0.3004632225,174.4712053667,0
36,20,483652,0.2655497150,0.2852429645,172.2093391840,0
36,20,484176,0.2350273571,0.2218168250,169.5654224966,0
36,20,484700,0.2329426193,0.2664722278,164.0811330393,0
36,20,485224,0.2435898152,0.2401578709,168.9522802667,0
36,20,485748,0.2469551567,0.2357587618,168.0834036878,0
36,20,486272,0.2352698946,0.1946017103,173.0466568530,0
36,20,486796,0.2400951300,0.2224063169,168.0282256745,0
36,20,487320,0.2702168426,0.2684644833,172.8493111724,0
36,20,487844,0.2288331894,0.1996617723,170.7142927363,0
36,20,488368,0.2501096794,0.2487532738,172.8798538167,0
36,20,488892,0.2812384056,0.3873016134,170.8298160513,0
36,20,489416,0.2910152092,0.3484538045,178.1291415802,0
36,20,489940,0.2811276417,0.3443559683,175.0427061113,0
36,20,490464,0.2929766816,0.3215858963,178.2442983108,0
36,20,490988,0.3347566355,0.6211218564,181.0365937724,0
36,20,491512,0.3522770980,0.5650452138,188.2324698561,0
36,20,492036,0.3316811522,0.5117760102,185.7831930651,0
36,20,492560,0.3397683011,0.4930998188,185.9140113173,0
36,20,493084,0.2996111638,0.3710046583,178.7223542741,0
36,20,493608,0.2884497557,0.3673181407,177.7373197392,0
36,20,494132,0.2849394508,0.2867915212,176.9571739689,0
36,20,494656,0.2846022575,0.2963768329,178.6768749667,0
36,20,495180,0.2481134090,0.2032819213,173.1959245934,0
36,20,495704,0.2703383786,0.2725696330,174.0828449517,0
36,20,496228,0.2130806332,0.2146106339,169.4895087305,0
36,20,496752,0.2324937840,0.1865808414,172.5261304127,0
36,20,497276,0.2769090610,0.3714291269,173.1600795221,0
36,20,497800,0.2660217952,0.2281693941,176.4255290414,0
36,20,498324,0.2168532746,0.2036213374,168.1931322164,0
36,20,498848,0.2211758788,0.1829092324,172.1137931890,0
36,20,499372,0.2616400192,0.3146953095,171.1624635645,0
36,20,499896,0.2666731200,0.2662595102,173.8051392426,0
36,20,500420,0.2447524582,0.1844607436,171.7532292196,0
36,20,500944,0.2226956222,0.2005400905,170.9571354008,0
36,20,501468,0.2596080609,0.2944681261,169.9504140155,0
36,20,501992,0.2609844368,0.2226894868,172.5732517982,0
36,20,502516,0.2715336114,0.3253395750,170.8778812029,0
36,20,503040,0.2635704680,0.2144073136,176.6360709394,0
36,20,503564,0.2536933115,0.2530631144,174.1037036892,0
36,20,504088,0.2510206189,0.2336463732,174.1905269801,0
36,20,504612,0.2215945448,0.1675609611,170.8452612632,0
36,20,505136,0.2297619433,0.1625376147,172.5231747667,0
36,20,505660,0.2945872957,0.4485212039,176.0160244973,0
36,20,506184,0.2441279130,0.2073833264,174.5643789808,0
36,20,506708,0.2570692067,0.2806992423,170.6274965145,0
36,20,507232,0.2549493086,0.2680955452,174.0018696106,0
36,20,507756,0.3162202262,0.5274978630,179.4658245528,0
36,20,508280,0.3112170431,0.3058569658,178.5124532685,0
36,20,508804,0.3087687334,0.3019024571,180.5739369521,0
36,20,509328,0.2907809593,0.2378850393,178.2671656778,0
36,20,509852,0.2938652343,0.3824405177,178.5818406668,0
36,20,510376,0.2558118441,0.2779158640,173.2236680528,0
36,20,510900,0.2731326781,0.3453529481,174.9727201787,0
36,20,511424,0.2694174720,0.1979988771,179.0086101681,0
36,20,511948,0.3100250868,0.4626163084,181.1820529487,0
36,20,512472,0.3097025222,0.3366780112,179.3837150952,0
36,20,512996,0.2902480160,0.3827043666,176.2759405331,0
36,20,513520,0.2891029445,0.3102883708,176.5074850994,0
36,20,514044,0.3446361810,0.5953947720,184.8420290956,0
36,20,514568,0.2572289529,0.1738731529,177.6830608109,0
36,20,515092,0.2627701174,0.2267460770,177.4891249318,0
36,20,515616,0.2653629881,0.2349159076,181.2713233901,0
36,20,516140,0.3063538807,0.3021196260,180.9519752392,0
36,20,516664,0.2657766134,0.1995800309,177.3311029003,0
36,20,517188,0.2635833160,0.2088840794,176.3544751844,0
36,20,517712,0.2482957893,0.1965858202,176.1452356798,0
36,20,518236,0.2696498386,0.3189132869,174.6739997553,0
36,20,518760,0.2668162379,0.2524163737,173.1485871638,0
36,20,519284,0.2837569883,0.3627176007,178.5134310199,0
36,20,519402,0.3160194156,0.4341467133,178.9980331859,1
